foo,bar,fizz
2,7,0.88
4,8.19,0.3872
6,9.5823,0.170368
8,11.211291,1.350368
10,13.11721047,2.530368
12,15.34713625,3.710368
14,17.95614941,4.890368
16,21.00869481,6.070368
18,24.58017293,7.250368
20,28.75880233,8.430368
22,33.64779872,9.610368
24,39.36792451,10.790368
26,46.06047167,11.970368
28,53.89075186,13.150368
30,63.05217967,
32,73.77105022,
34,86.31212876,
